Reddit URL,Thread Title,Subreddit,Date Posted,Matched Article Slug,Article URL,Draft Comment,Priority
https://www.reddit.com/r/CaymanIslands/comments/1khvmdk/is_68000_a_good_salary_for_the_caymans_islands/,Is 68000 a good salary for the caymans islands?,r/CaymanIslands,2025-05-08,rights-for-expats-cayman-islands-constitution,https://constitution.ky/blog/rights-for-expats-cayman-islands-constitution,"68k KYD is a reasonable starting point — no income tax means your take-home is the full amount, which helps offset the high cost of living. One thing worth understanding before you move is what legal protections you actually have as an expat employee: the constitution guarantees certain rights regardless of your permit status. I put together a detailed breakdown of this: https://constitution.ky/blog/rights-for-expats-cayman-islands-constitution",high
https://www.reddit.com/r/CaymanIslands/comments/1kc2k14/cig_corruption/,CIG Corruption...?,r/CaymanIslands,2025-05-01,how-to-challenge-government-decision-cayman-islands,https://constitution.ky/blog/how-to-challenge-government-decision-cayman-islands,"This is a real frustration shared by a lot of people here. What many don't realise is that the 2009 Constitution created specific mechanisms — including the Constitutional Commission and judicial review — for challenging government decisions. It's not just a political question; there are actual legal routes. I put together a detailed breakdown of this: https://constitution.ky/blog/how-to-challenge-government-decision-cayman-islands",high
https://www.reddit.com/r/CaymanIslands/comments/1kb67z7/if_you_could_vote_who_would_you_vote_for/,If you could vote who would you vote for?,r/CaymanIslands,2025-04-29,right-to-vote-cayman-islands,https://constitution.ky/blog/right-to-vote-cayman-islands,"The 'if you could vote' framing highlights something worth knowing — voting rights in Cayman are actually quite specific and constitutionally defined. Only British Overseas Territory Citizens with Caymanian status or those on the Voters Register can participate, which excludes most expats even after years of residence. I put together a detailed breakdown of this: https://constitution.ky/blog/right-to-vote-cayman-islands",high
https://www.reddit.com/r/CaymanIslands/comments/1kapmra/election_day_closures/,Election Day closures,r/CaymanIslands,2025-04-29,how-elections-work-cayman-islands,https://constitution.ky/blog/how-elections-work-cayman-islands,"Election Day is actually a public holiday by law in Cayman, so many businesses and government offices do close. Most tourist-facing operations on Seven Mile Beach tend to stay open though. If you're curious how the whole election system works here — it's quite different from the US — I put together a detailed breakdown of this: https://constitution.ky/blog/how-elections-work-cayman-islands",high
https://www.reddit.com/r/CaymanIslands/comments/1k7tu8q/how_to_apply_job_in_cayman_islands/,How to apply job in Cayman islands?,r/CaymanIslands,2025-04-25,rights-for-expats-cayman-islands-constitution,https://constitution.ky/blog/rights-for-expats-cayman-islands-constitution,"As a Filipino national, you'd need an employer to sponsor a work permit on your behalf — you can't apply directly. Sites like the CIAA job board and local company websites are your best bet for finding an employer willing to sponsor. One thing worth understanding as you go through this process is what constitutional rights you have once you're on a permit. I put together a detailed breakdown of this: https://constitution.ky/blog/rights-for-expats-cayman-islands-constitution",high
https://www.reddit.com/r/CaymanIslands/comments/1k6qwba/employee_benefits/,Employee benefits,r/CaymanIslands,2025-04-24,rights-for-expats-cayman-islands-constitution,https://constitution.ky/blog/rights-for-expats-cayman-islands-constitution,"Health insurance is mandatory for all employees — employers are required by law to contribute. The main providers are Cayman First, CINICO, and a few international carriers. Beyond the statutory minimums, it's worth knowing what constitutional protections underpin your employment rights here. I put together a detailed breakdown of this: https://constitution.ky/blog/rights-for-expats-cayman-islands-constitution",medium
https://www.reddit.com/r/CaymanIslands/comments/1k3b4bj/caymanian_moving_back_cayman_with_foriegn_wife/,Caymanian moving back cayman with foriegn wife,r/CaymanIslands,2025-04-20,marriage-family-rights-cayman-islands,https://constitution.ky/blog/marriage-family-rights-cayman-islands,"Your wife's rights as the foreign spouse of a Caymanian are actually well-defined in the constitution — she'd be entitled to apply for a spousal work permit and, after a set period, permanent residency. The key is having your Caymanian status documents in order before the move. I put together a detailed breakdown of the marriage and family rights framework: https://constitution.ky/blog/marriage-family-rights-cayman-islands",high
https://www.reddit.com/r/CaymanIslands/comments/1k2p6fl/auditorsaccountants_in_cayman/,Auditors/Accountants in Cayman,r/CaymanIslands,2025-04-19,rights-for-expats-cayman-islands-constitution,https://constitution.ky/blog/rights-for-expats-cayman-islands-constitution,"Big 4 experience translates well here — EY, KPMG, Deloitte and PwC all have Cayman offices and regularly hire from offshore. The salary bump is real, and with no income tax it compounds quickly. One thing that surprises people is how well-protected expat workers are constitutionally once they're on island. I put together a detailed breakdown of this: https://constitution.ky/blog/rights-for-expats-cayman-islands-constitution",medium
https://www.reddit.com/r/CaymanIslands/comments/1k2ojbi/concerned_about_the_cannabis_decriminalisation/,Concerned About the Cannabis Decriminalisation Referendum – Please Read Before You Vote,r/CaymanIslands,2025-04-19,how-elections-work-cayman-islands,https://constitution.ky/blog/how-elections-work-cayman-islands,"This is exactly the kind of referendum debate the constitution anticipated — the 2009 constitution gave the Cayman legislature real autonomy to shape domestic law, including through referenda, within the limits set by the Bill of Rights. Understanding how the legislative process works here is useful context for this debate. I put together a detailed breakdown of this: https://constitution.ky/blog/how-elections-work-cayman-islands",high
https://www.reddit.com/r/CaymanIslands/comments/1juwuwp/concerned_about_my_friend_who_just_got_a_work/,Concerned about my friend who just got a work permit to Cayman Islands,r/CaymanIslands,2025-04-08,can-you-be-deported-cayman-islands,https://constitution.ky/blog/can-you-be-deported-cayman-islands,"Your concern is valid — work permit holders are in a vulnerable position because their right to remain is tied to their employer. If the employer is sketchy or the employment terms aren't met, there are real deportation risks. The constitution does provide some protections, but your friend should know exactly what they are. I put together a detailed breakdown of this: https://constitution.ky/blog/can-you-be-deported-cayman-islands",high
https://www.reddit.com/r/CaymanIslands/comments/1jjgqss/moving_late_20s_single_advice/,Moving late 20s single advice,r/CaymanIslands,2025-03-25,rights-for-expats-cayman-islands-constitution,https://constitution.ky/blog/rights-for-expats-cayman-islands-constitution,"Cayman is a genuinely good move for a lawyer in their late 20s — the offshore finance sector is always hiring and the lifestyle is hard to beat. Just be clear-eyed about the 9-year term limit: you'll need to plan for PR or accept you'll eventually cycle out. Before you go, it's worth understanding the constitutional rights you'll have as an expat resident. I put together a detailed breakdown of this: https://constitution.ky/blog/rights-for-expats-cayman-islands-constitution",high
https://www.reddit.com/r/CaymanIslands/comments/1jacg45/what_are_the_struggles_of_being_a_local_in_the/,What are the struggles of being a local in the Cayman Islands?,r/CaymanIslands,2025-03-13,history-self-governance-cayman-islands,https://constitution.ky/blog/history-self-governance-cayman-islands,"The tension between Caymanian identity and the territory's status as a British Overseas Territory runs deep — locals have significant autonomy through the 2009 constitution but ultimately operate within constraints set by London. Housing costs and the demographic weight of the expat population are genuinely cited concerns. I put together a detailed breakdown of the self-governance history that explains how this balance came to be: https://constitution.ky/blog/history-self-governance-cayman-islands",high
https://www.reddit.com/r/CaymanIslands/comments/1j8bxx7/long_term_rentals_rant/,"Long term rentals rant",r/CaymanIslands,2025-03-10,protection-from-discrimination-cayman-islands,https://constitution.ky/blog/protection-from-discrimination-cayman-islands,"'No kids allowed' clauses are actually in a legal grey area in Cayman — the Bill of Rights protects against discrimination on the basis of family status, and there's been ongoing debate about whether blanket no-children policies breach those protections. Worth knowing your rights before you sign or walk away. I put together a detailed breakdown of this: https://constitution.ky/blog/protection-from-discrimination-cayman-islands",high
https://www.reddit.com/r/CaymanIslands/comments/1j62mus/cayman_health_insurance_and_cost_of_living/,Cayman Health Insurance and Cost of Living,r/CaymanIslands,2025-03-05,rights-for-expats-cayman-islands-constitution,https://constitution.ky/blog/rights-for-expats-cayman-islands-constitution,"77k USD (roughly 64k KYD) is liveable but tight for a couple, especially with health insurance costs around 200–400 KYD/month depending on the plan. No income tax helps a lot. One thing not many people factor in is that the constitution guarantees certain employment and residency rights regardless of work permit status — worth reading before you go. I put together a detailed breakdown of this: https://constitution.ky/blog/rights-for-expats-cayman-islands-constitution",high
https://www.reddit.com/r/CaymanIslands/comments/1japytv/do_you_have_experiences_dealing_with/,Do you have experiences dealing with gentrification?,r/CaymanIslands,2025-03-13,property-rights-cayman-islands-constitution,https://constitution.ky/blog/property-rights-cayman-islands-constitution,"Cayman's gentrification story is inseparable from its property rights framework — there's no restriction on foreign land ownership and no property tax, which has driven up values significantly for locals. The constitution does include protections against arbitrary government acquisition of property, but market-driven displacement is a different issue. I put together a detailed breakdown of what the constitution actually guarantees: https://constitution.ky/blog/property-rights-cayman-islands-constitution",medium
https://www.reddit.com/r/CaymanIslands/comments/1j9h871/thinking_of_moving_to_the_caribbean_looking_for/,Thinking of Moving to the Caribbean - Looking for Advice Job Leads and Local Insights!,r/CaymanIslands,2025-03-12,rights-cayman-islands-resident,https://constitution.ky/blog/rights-cayman-islands-resident,"Cayman stands out from the other options you've listed because of the constitutional rights framework — it's a British Overseas Territory with a full Bill of Rights, an independent judiciary, and strong rule of law, which is different from what you'd find in many Caribbean nations. Jobs typically require employer sponsorship for a work permit. I put together a detailed breakdown of what your rights as a resident look like: https://constitution.ky/blog/rights-cayman-islands-resident",high
https://www.reddit.com/r/CaymanIslands/comments/1jd0rgv/airbnb/,AirBnB,r/CaymanIslands,2025-03-16,can-cayman-islands-make-its-own-laws,https://constitution.ky/blog/can-cayman-islands-make-its-own-laws,"The short answer is that short-term rental regulation sits squarely within the Cayman legislature's domestic authority — under the 2009 constitution the government has full power to pass planning and housing laws. The lack of clear Airbnb regulation is a political choice, not a constitutional gap. I put together a detailed breakdown of how local law-making power works here: https://constitution.ky/blog/can-cayman-islands-make-its-own-laws",medium
https://www.reddit.com/r/CaymanIslands/comments/1jlckio/traveling_to_canada_on_a_cayman_british_passport/,Traveling to Canada on a Cayman British Passport,r/CaymanIslands,2025-03-27,cayman-islands-vs-uk-law-constitutional-differences,https://constitution.ky/blog/cayman-islands-vs-uk-law-constitutional-differences,"Cayman British Overseas Territory Citizens (BOTCs) need an eTA for Canada — you don't qualify for visa-free entry in the same way a UK citizen does. The BOTC passport and a full UK passport are legally distinct under UK nationality law. I put together a detailed breakdown of how Cayman's constitutional relationship with the UK affects these kinds of practical questions: https://constitution.ky/blog/cayman-islands-vs-uk-law-constitutional-differences",medium
https://www.reddit.com/r/CaymanIslands/comments/1k8foth/bermuda_vs_cayman/,Bermuda vs Cayman,r/CaymanIslands,2025-05-06,cayman-bermuda-bvi-comparing-bot-constitutions,https://constitution.ky/blog/cayman-bermuda-bvi-comparing-bot-constitutions,"Both are British Overseas Territories but they operate under quite different constitutional frameworks — Bermuda has had self-governance longer and its constitution gives slightly more autonomy, while Cayman's 2009 constitution is newer and has a stronger Bill of Rights. Cost of living is comparable but Cayman edges ahead for finance sector salaries. I put together a detailed comparison: https://constitution.ky/blog/cayman-bermuda-bvi-comparing-bot-constitutions",high
https://www.reddit.com/r/CaymanIslands/comments/1fgrzkc/moving_to_cayman_islands_salary_cost_of_living/,Moving to Cayman Islands: Salary Cost of Living and Work Permit Questions,r/CaymanIslands,2024-09-14,rights-for-expats-cayman-islands-constitution,https://constitution.ky/blog/rights-for-expats-cayman-islands-constitution,"75k USD is a decent starting salary — the key calculation is your rent (budget 2,000–3,000 KYD/month for a decent 1-bed) plus mandatory health insurance. The dependent visa for your partner requires the primary permit holder to demonstrate you can support them financially. Beyond the logistics, it's worth understanding what legal rights both of you will have once you're there. I put together a detailed breakdown of this: https://constitution.ky/blog/rights-for-expats-cayman-islands-constitution",high
https://www.reddit.com/r/AskTheCaribbean/comments/1i1zmdu/cayman_islands_elections/,Cayman islands elections,r/AskTheCaribbean,2025-01-15,how-elections-work-cayman-islands,https://constitution.ky/blog/how-elections-work-cayman-islands,"The 2025 Cayman election was notable — André Ebanks and his coalition won, which marks a significant shift from the previous government. The electoral system here uses single-member constituencies unlike some other Caribbean territories. I put together a detailed breakdown of how Cayman elections actually work constitutionally: https://constitution.ky/blog/how-elections-work-cayman-islands",high
https://www.reddit.com/r/IWantOut/comments/1hpu73o/iwantout_37m_uk_bermudaturks_and_caicoscayman/,[IWantOut] 37M UK -> Bermuda/Turks and Caicos/Cayman Islands,r/IWantOut,2025-01-30,cayman-bermuda-bvi-comparing-bot-constitutions,https://constitution.ky/blog/cayman-bermuda-bvi-comparing-bot-constitutions,"Of those three, Cayman has the strongest constitutional framework — a full Bill of Rights since 2012, an independent judiciary with appeal rights to the UK Privy Council, and more developed expat infrastructure than TCI. Residency pathways for someone with a business background are realistic. I put together a detailed comparison of Cayman vs the other BOTs: https://constitution.ky/blog/cayman-bermuda-bvi-comparing-bot-constitutions",high
https://www.reddit.com/r/IWantOut/comments/1gyqvke/iwantout_24m_accountant_uk_dubai_saudi_arabia/,[IWantOut] 24m Accountant UK -> Dubai Saudi Arabia Cayman Islands Monaco Switzerland,r/IWantOut,2024-11-24,rights-for-expats-cayman-islands-constitution,https://constitution.ky/blog/rights-for-expats-cayman-islands-constitution,"Of the options you've listed, Cayman is the only one with a genuine constitutional Bill of Rights that applies to residents regardless of nationality — Dubai and Saudi have very limited protections for expats by comparison. The legal system is based on English common law with final appeal to the UK Privy Council. I put together a detailed breakdown of expat rights under the Cayman constitution: https://constitution.ky/blog/rights-for-expats-cayman-islands-constitution",high
https://www.reddit.com/r/IWantOut/comments/1gn23oa/guide_considering_the_caribbean_classy_exit/,[Guide] Considering the Caribbean - Classy Exit - Consider CAYMAN,r/IWantOut,2024-11-09,property-rights-cayman-islands-constitution,https://constitution.ky/blog/property-rights-cayman-islands-constitution,"Good overview. One thing worth adding: the constitutional framework underpinning those property rights is unusually strong for a Caribbean territory — there are explicit protections against arbitrary government acquisition, which gives real-estate investments here a legal security you don't find in all jurisdictions. I put together a detailed breakdown of what the constitution guarantees for property owners: https://constitution.ky/blog/property-rights-cayman-islands-constitution",medium
https://www.reddit.com/r/IWantOut/comments/1hj12y7/iwantout_60m_australia_cayman_islands/,[IWantOut] 60M Australia -> Cayman Islands,r/IWantOut,2024-12-21,rights-cayman-islands-resident,https://constitution.ky/blog/rights-cayman-islands-resident,"At 60 the residency by investment route (starting at $1.2M in real estate) is probably more straightforward than chasing a work permit, especially from Australia. The constitutional rights framework here is actually quite protective — you'd have full Bill of Rights coverage as a resident. I put together a detailed breakdown of what rights residents of all types hold: https://constitution.ky/blog/rights-cayman-islands-resident",high
https://www.reddit.com/r/expats/comments/18mzr1w/moving_to_cayman_islands_anyone_living_here/,Moving to Cayman Islands - anyone living here?,r/expats,2023-12-20,rights-for-expats-cayman-islands-constitution,https://constitution.ky/blog/rights-for-expats-cayman-islands-constitution,"Cayman is a genuinely great place to live if your salary supports it — no income tax, very low crime, excellent healthcare and schools. The one thing most people don't research before moving is the constitutional rights framework, which is actually more protective of expats than many assume. I put together a detailed breakdown of this: https://constitution.ky/blog/rights-for-expats-cayman-islands-constitution",medium
https://www.reddit.com/r/expats/comments/1e8o78y/does_a_us_citizen_working_for_a_business_in_the/,Does a US citizen working for a business in the Cayman Islands pay US income tax?,r/expats,2024-07-21,starting-business-cayman-islands-constitutional-framework,https://constitution.ky/blog/starting-business-cayman-islands-constitutional-framework,"Yes — as a US citizen you're taxed on worldwide income regardless of where you live or work, so you'd still file a US return. However, the Foreign Earned Income Exclusion (FEIE) and Foreign Tax Credit can significantly reduce what you owe, and since Cayman has no local income tax there's no double-taxation issue. The business and constitutional framework for operating here is actually quite friendly to this setup. I put together a detailed breakdown: https://constitution.ky/blog/starting-business-cayman-islands-constitutional-framework",high
https://www.reddit.com/r/AskTheCaribbean/comments/1gvac7k/panama_st_croix_or_cayman_islands_help_me_choose/,Panama St. Croix or Cayman Islands: Help Me Choose!,r/AskTheCaribbean,2024-11-19,cayman-islands-vs-independent-caribbean-nations,https://constitution.ky/blog/cayman-islands-vs-independent-caribbean-nations,"For a getaway, all three are great — but they're very different experiences. Cayman is the most developed and safest, with excellent infrastructure, but also the most expensive. St Croix has a more authentic feel. Panama has more to explore. If you want to understand what makes Cayman constitutionally and politically different from the others, I put together a detailed comparison: https://constitution.ky/blog/cayman-islands-vs-independent-caribbean-nations",medium
https://www.reddit.com/r/CaymanIslands/comments/1j4cm4g/deferred_permit/,Deferred Permit,r/CaymanIslands,2025-02-28,can-you-be-deported-cayman-islands,https://constitution.ky/blog/can-you-be-deported-cayman-islands,"A deferred work permit is a serious situation — it means WORC has paused the application, often pending additional documentation or a Caymanian preference review. If the permit is on its last extension, your friend needs to act quickly because overstaying even a few days can affect future applications and in the worst case lead to removal proceedings. I put together a detailed breakdown of the deportation and immigration rights framework: https://constitution.ky/blog/can-you-be-deported-cayman-islands",high
https://www.reddit.com/r/CaymanIslands/comments/1k2ojbi/concerned_about_the_cannabis_decriminalisation/,Concerned About the Cannabis Decriminalisation Referendum – Please Read Before You Vote,r/CaymanIslands,2025-04-19,what-happens-if-cayman-law-contradicts-constitution,https://constitution.ky/blog/what-happens-if-cayman-law-contradicts-constitution,"One constitutional angle worth flagging in this debate: any law passed by the Cayman legislature can be challenged if it conflicts with the Bill of Rights. So if a decriminalisation measure were passed in a way that raised rights concerns, there are mechanisms to test that in court. I put together a detailed breakdown of what happens when Cayman law contradicts the constitution: https://constitution.ky/blog/what-happens-if-cayman-law-contradicts-constitution",medium
https://www.reddit.com/r/CaymanIslands/comments/1j8tclz/six_acres_of_prime_george_town_real_estate_on/,Six acres of prime George Town real estate on market for US$29.5 million,r/CaymanIslands,2025-03-11,property-rights-cayman-islands-constitution,https://constitution.ky/blog/property-rights-cayman-islands-constitution,"That parcel is in a prime spot. The thing that makes Cayman land investment particularly interesting from a legal standpoint is the constitutional property rights framework — no property tax, no restrictions on foreign ownership, and strong protections against compulsory acquisition without fair compensation. I put together a detailed breakdown of what the constitution guarantees: https://constitution.ky/blog/property-rights-cayman-islands-constitution",medium
https://www.reddit.com/r/CaymanIslands/comments/1jce1cr/,Work culture inquiry,r/CaymanIslands,2025-03-16,rights-for-expats-cayman-islands-constitution,https://constitution.ky/blog/rights-for-expats-cayman-islands-constitution,"Work culture in Cayman finance is generally professional and relatively formal — the Big 4 and major law firms have strong UK/US influence. Hours can be long during busy season. One aspect people don't always research is what employment rights they have once they're on island — the answer is more than most assume under the constitution. I put together a detailed breakdown: https://constitution.ky/blog/rights-for-expats-cayman-islands-constitution",medium
https://www.reddit.com/r/CaymanIslands/comments/1jbemwy/health_insurance/,Health Insurance,r/CaymanIslands,2025-03-10,rights-for-expats-cayman-islands-constitution,https://constitution.ky/blog/rights-for-expats-cayman-islands-constitution,"Health insurance is mandatory for all employees in Cayman — it's not optional and employers must contribute. Cayman First and CINICO are the main local providers, but many employers in finance and law offer international plans. This is actually a statutory right tied to the constitutional employment framework. I put together a detailed breakdown of expat rights including healthcare entitlements: https://constitution.ky/blog/rights-for-expats-cayman-islands-constitution",medium
https://www.reddit.com/r/CaymanIslands/comments/1k0uc4t/canadian_moving_to_cayman_islands/,Canadian moving to Cayman Islands!,r/CaymanIslands,2025-04-17,rights-for-expats-cayman-islands-constitution,https://constitution.ky/blog/rights-for-expats-cayman-islands-constitution,"Congratulations on the move! One thing Canadians are sometimes surprised by is just how much legal protection the Cayman constitution provides — it's a full Bill of Rights, not just common law protections, which is different from what you're used to in Canada in terms of how it applies to non-citizens. Worth reading before you land. I put together a detailed breakdown of expat rights under the constitution: https://constitution.ky/blog/rights-for-expats-cayman-islands-constitution",high
https://www.reddit.com/r/CaymanIslands/comments/1jvoy7t/salary_for_family_of_5/,Salary for family of 5,r/CaymanIslands,2025-04-10,rights-for-expats-cayman-islands-constitution,https://constitution.ky/blog/rights-for-expats-cayman-islands-constitution,"For a family of 5, you're looking at private school fees of around 15–25k USD per child per year plus rent of 4,000+ KYD/month for a house with space. A six-figure KYD salary is really the baseline for comfort. Also worth noting: each family member's rights as dependants on a work permit are defined under the constitution. I put together a detailed breakdown of this: https://constitution.ky/blog/rights-for-expats-cayman-islands-constitution",high
https://www.reddit.com/r/CaymanIslands/comments/1jkcoi4/anyone_lived_in_both_cayman_and_bermuda/,Anyone lived in both Cayman and Bermuda?,r/CaymanIslands,2025-03-26,cayman-bermuda-bvi-comparing-bot-constitutions,https://constitution.ky/blog/cayman-bermuda-bvi-comparing-bot-constitutions,"Both are excellent but meaningfully different. Bermuda is smaller and more socially conservative in some ways; Cayman has grown faster and has a slightly more international feel now. The constitutional frameworks differ too — Bermuda has had internal self-government since 1968 vs Cayman's 2009 constitution. I put together a detailed constitutional comparison of the two: https://constitution.ky/blog/cayman-bermuda-bvi-comparing-bot-constitutions",high
